||recippientAdrees||locked||perBlock||startingBlock#####
5DALqnKWTN4LtWs39zg2oL3kqJyrGuiCKXDYUEGsdFtxSS5i,100000000000000,1000000000,1
5C8JjiJJFc1FiiVsGEKu2uFU1iGYcdHSiimZdDt22q1sDUDX,100000000000000,1000000000,1
5C5ygt4sJvWnLv32pTZuqSSJJkptyizcHTLn7RctSfG8EyEJ,100000000000000,1000000000,1
5EhbyeZLERWuNhDVUx9YBNW53rF1jg7fct6retRZUjXNiBbg,100000000000000,1000000000,1
5DALqnKWTN4LtWs39zg2oL3kqJyrGuiCKXDYUEGsdFtxSS5i,100000000000000,1000000000,1
5C8JjiJJFc1FiiVsGEKu2uFU1iGYcdHSiimZdDt22q1sDUDX,100000000000000,1000000000,1
5C5ygt4sJvWnLv32pTZuqSSJJkptyizcHTLn7RctSfG8EyEJ,100000000000000,1000000000,1
5EhbyeZLERWuNhDVUx9YBNW53rF1jg7fct6retRZUjXNiBbg,100000000000000,1000000000,1
5DALqnKWTN4LtWs39zg2oL3kqJyrGuiCKXDYUEGsdFtxSS5i,100000000000000,1000000000,1
5C8JjiJJFc1FiiVsGEKu2uFU1iGYcdHSiimZdDt22q1sDUDX,100000000000000,1000000000,1
5C5ygt4sJvWnLv32pTZuqSSJJkptyizcHTLn7RctSfG8EyEJ,100000000000000,1000000000,1
5EhbyeZLERWuNhDVUx9YBNW53rF1jg7fct6retRZUjXNiBbg,100000000000000,1000000000,1
5DALqnKWTN4LtWs39zg2oL3kqJyrGuiCKXDYUEGsdFtxSS5i,100000000000000,1000000000,1
5C8JjiJJFc1FiiVsGEKu2uFU1iGYcdHSiimZdDt22q1sDUDX,100000000000000,1000000000,1
5C5ygt4sJvWnLv32pTZuqSSJJkptyizcHTLn7RctSfG8EyEJ,100000000000000,1000000000,1
5EhbyeZLERWuNhDVUx9YBNW53rF1jg7fct6retRZUjXNiBbg,100000000000000,1000000000,1
5DALqnKWTN4LtWs39zg2oL3kqJyrGuiCKXDYUEGsdFtxSS5i,100000000000000,1000000000,1
5C8JjiJJFc1FiiVsGEKu2uFU1iGYcdHSiimZdDt22q1sDUDX,100000000000000,1000000000,1
5C5ygt4sJvWnLv32pTZuqSSJJkptyizcHTLn7RctSfG8EyEJ,100000000000000,1000000000,1
5EhbyeZLERWuNhDVUx9YBNW53rF1jg7fct6retRZUjXNiBbg,100000000000000,1000000000,1
5DALqnKWTN4LtWs39zg2oL3kqJyrGuiCKXDYUEGsdFtxSS5i,100000000000000,1000000000,1
5C8JjiJJFc1FiiVsGEKu2uFU1iGYcdHSiimZdDt22q1sDUDX,100000000000000,1000000000,1
5C5ygt4sJvWnLv32pTZuqSSJJkptyizcHTLn7RctSfG8EyEJ,100000000000000,1000000000,1
5EhbyeZLERWuNhDVUx9YBNW53rF1jg7fct6retRZUjXNiBbg,100000000000000,1000000000,1
5DALqnKWTN4LtWs39zg2oL3kqJyrGuiCKXDYUEGsdFtxSS5i,100000000000000,1000000000,1
5C8JjiJJFc1FiiVsGEKu2uFU1iGYcdHSiimZdDt22q1sDUDX,100000000000000,1000000000,1
5C5ygt4sJvWnLv32pTZuqSSJJkptyizcHTLn7RctSfG8EyEJ,100000000000000,1000000000,1
5EhbyeZLERWuNhDVUx9YBNW53rF1jg7fct6retRZUjXNiBbg,100000000000000,1000000000,1
5DALqnKWTN4LtWs39zg2oL3kqJyrGuiCKXDYUEGsdFtxSS5i,100000000000000,1000000000,1
5C8JjiJJFc1FiiVsGEKu2uFU1iGYcdHSiimZdDt22q1sDUDX,100000000000000,1000000000,1
5C5ygt4sJvWnLv32pTZuqSSJJkptyizcHTLn7RctSfG8EyEJ,100000000000000,1000000000,1
5EhbyeZLERWuNhDVUx9YBNW53rF1jg7fct6retRZUjXNiBbg,100000000000000,1000000000,1
5DALqnKWTN4LtWs39zg2oL3kqJyrGuiCKXDYUEGsdFtxSS5i,100000000000000,1000000000,1
5C8JjiJJFc1FiiVsGEKu2uFU1iGYcdHSiimZdDt22q1sDUDX,100000000000000,1000000000,1
5C5ygt4sJvWnLv32pTZuqSSJJkptyizcHTLn7RctSfG8EyEJ,100000000000000,1000000000,1
5EhbyeZLERWuNhDVUx9YBNW53rF1jg7fct6retRZUjXNiBbg,100000000000000,1000000000,1
5DALqnKWTN4LtWs39zg2oL3kqJyrGuiCKXDYUEGsdFtxSS5i,100000000000000,1000000000,1
5C8JjiJJFc1FiiVsGEKu2uFU1iGYcdHSiimZdDt22q1sDUDX,100000000000000,1000000000,1
5C5ygt4sJvWnLv32pTZuqSSJJkptyizcHTLn7RctSfG8EyEJ,100000000000000,1000000000,1
5EhbyeZLERWuNhDVUx9YBNW53rF1jg7fct6retRZUjXNiBbg,100000000000000,1000000000,1
5DALqnKWTN4LtWs39zg2oL3kqJyrGuiCKXDYUEGsdFtxSS5i,100000000000000,1000000000,1
5C8JjiJJFc1FiiVsGEKu2uFU1iGYcdHSiimZdDt22q1sDUDX,100000000000000,1000000000,1
5C5ygt4sJvWnLv32pTZuqSSJJkptyizcHTLn7RctSfG8EyEJ,100000000000000,1000000000,1
5EhbyeZLERWuNhDVUx9YBNW53rF1jg7fct6retRZUjXNiBbg,100000000000000,1000000000,1
5DALqnKWTN4LtWs39zg2oL3kqJyrGuiCKXDYUEGsdFtxSS5i,100000000000000,1000000000,1
5C8JjiJJFc1FiiVsGEKu2uFU1iGYcdHSiimZdDt22q1sDUDX,100000000000000,1000000000,1
5C5ygt4sJvWnLv32pTZuqSSJJkptyizcHTLn7RctSfG8EyEJ,100000000000000,1000000000,1
5EhbyeZLERWuNhDVUx9YBNW53rF1jg7fct6retRZUjXNiBbg,100000000000000,1000000000,1
5DALqnKWTN4LtWs39zg2oL3kqJyrGuiCKXDYUEGsdFtxSS5i,100000000000000,1000000000,1
5C8JjiJJFc1FiiVsGEKu2uFU1iGYcdHSiimZdDt22q1sDUDX,100000000000000,1000000000,1
5C5ygt4sJvWnLv32pTZuqSSJJkptyizcHTLn7RctSfG8EyEJ,100000000000000,1000000000,1
5EhbyeZLERWuNhDVUx9YBNW53rF1jg7fct6retRZUjXNiBbg,100000000000000,1000000000,1
5DALqnKWTN4LtWs39zg2oL3kqJyrGuiCKXDYUEGsdFtxSS5i,100000000000000,1000000000,1
5C8JjiJJFc1FiiVsGEKu2uFU1iGYcdHSiimZdDt22q1sDUDX,100000000000000,1000000000,1
5C5ygt4sJvWnLv32pTZuqSSJJkptyizcHTLn7RctSfG8EyEJ,100000000000000,1000000000,1
5EhbyeZLERWuNhDVUx9YBNW53rF1jg7fct6retRZUjXNiBbg,100000000000000,1000000000,1
5DALqnKWTN4LtWs39zg2oL3kqJyrGuiCKXDYUEGsdFtxSS5i,100000000000000,1000000000,1
5C8JjiJJFc1FiiVsGEKu2uFU1iGYcdHSiimZdDt22q1sDUDX,100000000000000,1000000000,1
5C5ygt4sJvWnLv32pTZuqSSJJkptyizcHTLn7RctSfG8EyEJ,100000000000000,1000000000,1
5EhbyeZLERWuNhDVUx9YBNW53rF1jg7fct6retRZUjXNiBbg,100000000000000,1000000000,1
5DALqnKWTN4LtWs39zg2oL3kqJyrGuiCKXDYUEGsdFtxSS5i,100000000000000,1000000000,1
5C8JjiJJFc1FiiVsGEKu2uFU1iGYcdHSiimZdDt22q1sDUDX,100000000000000,1000000000,1
5C5ygt4sJvWnLv32pTZuqSSJJkptyizcHTLn7RctSfG8EyEJ,100000000000000,1000000000,1
5EhbyeZLERWuNhDVUx9YBNW53rF1jg7fct6retRZUjXNiBbg,100000000000000,1000000000,1
5DALqnKWTN4LtWs39zg2oL3kqJyrGuiCKXDYUEGsdFtxSS5i,100000000000000,1000000000,1
5C8JjiJJFc1FiiVsGEKu2uFU1iGYcdHSiimZdDt22q1sDUDX,100000000000000,1000000000,1
5C5ygt4sJvWnLv32pTZuqSSJJkptyizcHTLn7RctSfG8EyEJ,100000000000000,1000000000,1
5EhbyeZLERWuNhDVUx9YBNW53rF1jg7fct6retRZUjXNiBbg,100000000000000,1000000000,1
5DALqnKWTN4LtWs39zg2oL3kqJyrGuiCKXDYUEGsdFtxSS5i,100000000000000,1000000000,1
5C8JjiJJFc1FiiVsGEKu2uFU1iGYcdHSiimZdDt22q1sDUDX,100000000000000,1000000000,1
5C5ygt4sJvWnLv32pTZuqSSJJkptyizcHTLn7RctSfG8EyEJ,100000000000000,1000000000,1
5EhbyeZLERWuNhDVUx9YBNW53rF1jg7fct6retRZUjXNiBbg,100000000000000,1000000000,1
5DALqnKWTN4LtWs39zg2oL3kqJyrGuiCKXDYUEGsdFtxSS5i,100000000000000,1000000000,1
5C8JjiJJFc1FiiVsGEKu2uFU1iGYcdHSiimZdDt22q1sDUDX,100000000000000,1000000000,1
5C5ygt4sJvWnLv32pTZuqSSJJkptyizcHTLn7RctSfG8EyEJ,100000000000000,1000000000,1
5EhbyeZLERWuNhDVUx9YBNW53rF1jg7fct6retRZUjXNiBbg,100000000000000,1000000000,1
5DALqnKWTN4LtWs39zg2oL3kqJyrGuiCKXDYUEGsdFtxSS5i,100000000000000,1000000000,1
5C8JjiJJFc1FiiVsGEKu2uFU1iGYcdHSiimZdDt22q1sDUDX,100000000000000,1000000000,1
5C5ygt4sJvWnLv32pTZuqSSJJkptyizcHTLn7RctSfG8EyEJ,100000000000000,1000000000,1
5EhbyeZLERWuNhDVUx9YBNW53rF1jg7fct6retRZUjXNiBbg,100000000000000,1000000000,1
5DALqnKWTN4LtWs39zg2oL3kqJyrGuiCKXDYUEGsdFtxSS5i,100000000000000,1000000000,1
5C8JjiJJFc1FiiVsGEKu2uFU1iGYcdHSiimZdDt22q1sDUDX,100000000000000,1000000000,1
5C5ygt4sJvWnLv32pTZuqSSJJkptyizcHTLn7RctSfG8EyEJ,100000000000000,1000000000,1
5EhbyeZLERWuNhDVUx9YBNW53rF1jg7fct6retRZUjXNiBbg,100000000000000,1000000000,1
5DALqnKWTN4LtWs39zg2oL3kqJyrGuiCKXDYUEGsdFtxSS5i,100000000000000,1000000000,1
5C8JjiJJFc1FiiVsGEKu2uFU1iGYcdHSiimZdDt22q1sDUDX,100000000000000,1000000000,1
5C5ygt4sJvWnLv32pTZuqSSJJkptyizcHTLn7RctSfG8EyEJ,100000000000000,1000000000,1
5EhbyeZLERWuNhDVUx9YBNW53rF1jg7fct6retRZUjXNiBbg,100000000000000,1000000000,1
5DALqnKWTN4LtWs39zg2oL3kqJyrGuiCKXDYUEGsdFtxSS5i,100000000000000,1000000000,1
5C8JjiJJFc1FiiVsGEKu2uFU1iGYcdHSiimZdDt22q1sDUDX,100000000000000,1000000000,1
5C5ygt4sJvWnLv32pTZuqSSJJkptyizcHTLn7RctSfG8EyEJ,100000000000000,1000000000,1
5EhbyeZLERWuNhDVUx9YBNW53rF1jg7fct6retRZUjXNiBbg,100000000000000,1000000000,1
5DALqnKWTN4LtWs39zg2oL3kqJyrGuiCKXDYUEGsdFtxSS5i,100000000000000,1000000000,1
5C8JjiJJFc1FiiVsGEKu2uFU1iGYcdHSiimZdDt22q1sDUDX,100000000000000,1000000000,1
5C5ygt4sJvWnLv32pTZuqSSJJkptyizcHTLn7RctSfG8EyEJ,100000000000000,1000000000,1
5EhbyeZLERWuNhDVUx9YBNW53rF1jg7fct6retRZUjXNiBbg,100000000000000,1000000000,1
5DALqnKWTN4LtWs39zg2oL3kqJyrGuiCKXDYUEGsdFtxSS5i,100000000000000,1000000000,1
5C8JjiJJFc1FiiVsGEKu2uFU1iGYcdHSiimZdDt22q1sDUDX,100000000000000,1000000000,1
5C5ygt4sJvWnLv32pTZuqSSJJkptyizcHTLn7RctSfG8EyEJ,100000000000000,1000000000,1
5EhbyeZLERWuNhDVUx9YBNW53rF1jg7fct6retRZUjXNiBbg,100000000000000,1000000000,1